{
  "TC_Pre-Requisite": {
    "account": "MICRON US",
    "primaryBu":"DCVD",
    "hvp":"Chnage the file",
    "demoType":"Characterization",
    "successCriteria":"Application Validation",
    "substrateType":"Coupon",
    "customerSpecOption":"Manual",
    "attributeCategory":"gdg",
    "attribute":"fgdfg",
    "marketSegReq":"gfdgdfg",
    "weightProperty":"High",
    "demoOwner":"Nidhi Sharma"
  },
    "TC_01": {
      "displayName": "EDRTest10",
      "passwordDisplayName":"Amat@456",
      "account":"Micron US"
    },
    "TC_02": {
      "displayUser": "EDRTest10"
      
    },
    "TC_03": {
      "displayName": "EDRTest10",
      "passwordDisplayName":"Amat@456",
      "account":"Micron US",
      "bU":"DCVD"
    },
    "TC_04": {
      "displayName": "EDRTest4" 
    }
   
  }
  