{
  "TC_Pre-Requisite": {
    "account": "MICRON US",
    "primaryBu":"Etch",
    "hvp":"Chnage the file",
    "demoType":"Characterization",
    "successCriteria":"Application Validation",
    "substrateType":"Coupon",
    "customerSpecOption":"Manual",
    "attributeCategory":"gdg",
    "attribute":"fgdfg",
    "marketSegReq":"gfdgdfg",
    "weightProperty":"High"
  },
  "TC_Pre-Requisite_1": {
    "account": "MICRON US",
    "primaryBu":"DCVD",
    "hvp":"Chnage the file",
    "demoType":"Characterization",
    "successCriteria":"Application Validation",
    "substrateType":"Coupon",
    "customerSpecOption":"Upload",
    "waferStackOption":"Upload",
    "ddSecurityVal":"Internal - BU Only"
  },
  "TC_Pre-RequisiteTambaNoFalse": {
    "account": "MICRON US",
    "primaryBu":"DCVD",
    "hvp":"Chnage the file",
    "demoType":"Characterization",
    "successCriteria":"Application Validation",
    "substrateType":"Coupon",
    "customerSpecOption":"Manual",
    "attributeCategory":"gdg",
    "attribute":"fgdfg",
    "marketSegReq":"gfdgdfg",
    "weightProperty":"High",
    "appSeg":"DARC",
    "deviceType":"3D NAND",
    "amatNode":"Packaging"
  },
  "TC_01": {
    "demoOwner": "Nidhi Sharma",
    "catRatManager":"SAFTest2"
  },
  "TC_02": {
    "headerLabelList": "Demo Number~Demo Name~Account~Tamba~Tamba Number~Demo Owner~Co-Owner~Demo Approval"
  },
  "TC_07": {
    "subMenuHdrList": "All Requests~New Requests~On Hold Requests~Rejected Requests~Approved Requests~Closed Requests~Cancelled Requests",
    "waferLocation": "In transit from customer"
  },
  "TC_05": {
    "waferLocation": "In transit from customer",
    "demoOwner":"Nidhi Sharma"
  },
  "TC_11": {
    "account": "MICRON US",
    "primaryBu":"DCVD",
    "hvp":"Chnage the file",
    "demoType":"Characterization",
    "successCriteria":"Application Validation",
    "substrateType":"Coupon",
    "customerSpecOption":"Upload",
    "waferStackOption":"Upload",
    "demoOwner":"Nidhi Sharma",
    "ddSecurityVal":"Internal - BU Only"
  },
  "TC_13": {
    "account": "MICRON US",
    "primaryBu":"DCVD",
    "hvp":"Chnage the file",
    "demoType":"Multi BU Demo",
    "successCriteria":"Application Validation",
    "substrateType":"Coupon",
    "customerSpecOption":"Manual",
    "attributeCategory":"gdg",
    "attribute":"fgdfg",
    "marketSegReq":"gfdgdfg",
    "weightProperty":"High",
    "secBU1":"FEP",
    "requestor1":"SAFtest1"
  },
  "TC_13_1": {
    "demoOwner": "Nidhi Sharma"
  },
  "TC_13_2": {
    "demoNumBu": "FEP",
    "appSeg":"Furnace",
    "amatNode":"Packaging",
    "substrateType":"Coupon",
    "customerSpecOption":"Upload",
    "waferStackOption":"Upload"
  },
  "TC_13_3": {
    "requestor": "SAFtest1",
    "demoOwner":"Nidhi Sharma",
    "ddPriority":"Low",
    "buName":"FEP"
  },
  "TC_10": {
    "internalAccount": "TestInternalAcc",
    "primaryBu": "ALD",
    "hvp": "Test HVP",
    "demoType": "Maintenance",
    "successCriteria" : "Test_Success_Criteria",
    "substrateType" : "Coupon",
    "customerSpecOption" : "Upload",
    "waferStackOption" : "Upload",
    "demoOwner":"SAFTest2"
  }
    
}
  