{
  "TC_Pre-Requisite": {
    "account": "MICRON US",
    "primaryBu":"DCVD",
    "hvp":"Chnage the file",
    "demoType":"Characterization",
    "successCriteria":"Application Validation",
    "substrateType":"Coupon",
    "customerSpecOption":"Manual",
    "attributeCategory":"gdg",
    "attribute":"fgdfg",
    "marketSegReq":"gfdgdfg",
    "weightProperty":"High",
    "demoOwner":"EDRTest5",
    "otherGroupDemoOwner":"EDRTest8"
  },
  "TC_Pre-Requisite_1": {
    "account": "MICRON US",
    "primaryBu":"DCVD",
    "hvp":"Chnage the file",
    "demoType":"Characterization",
    "successCriteria":"Application Validation",
    "substrateType":"Coupon",
    "customerSpecOption":"Upload",
    "waferStackOption":"Upload",
    "ddSecurityVal":"Internal - BU Only",
    "demoOwner":"EDRTest5"
  },
    "TC_01": {
      "userNameGlobal": "Nidhi Sharma --CNTR"
    },
    "TC_02": {
    "statusOptions":"ALL Status~Active~ACL - Approved~BCL - On Hold~New Request~Rejected~Cancelled~Closed"
    },
    "TC_03": {
    "goToOptions":"29% List~Account~Account Adoption Prob %~Account Owner~Account TAM~Additional CIP HW Requirement~Additional TAMBA~AMAT Node~AMAT Product~AMAT Wafers/ Consumables~Application~Application Name (Customer)~Application Segment~Approved By~BM Owner~BU Adoption Prob %~CAT/RAT #~CAT/RAT Manager~Chamber Config~Chamber Position~Chamber Usage (H/Day)~CIP HW Shipment Target~Competitor Company~Competitor Tool~CoO Gap (spec vs. Actual)~Current Execution Risk~Customer Commit~Customer Consumable Due Date~Customer e-mail~Customer Engagement~Customer Engagement Readiness~Customer Fab~Customer Mailing address~Customer Node~Customer Owner~Customer Phone~Customer title~Customer Wafer Destination~Demo Approval~Demo Completion~Demo Development Stage~Demo Issue~Demo Location~Demo Start~Demo Type~Device Type~Dimensions~DTOR Date~DTOR Status~Duration (wk)~Eng.~Estimated Cost~Estimation Complete~Frontside protection or Carrier type~HtH~HVP~IO#/ Cost Center~KPU Head/GPM~Lab Ready~Managed Account~Number of Wafers~Onsite Chamber Readiness~Other Groups~P TAMBA~Performance (Spec vs. Actual)~Previous Execution Risk~Productivity Owner~PTOR Date~PTOR Status~Repeat Demo #~Requested Completion~Requestor~Resources~Risk/Gap Closure Plan~Risk/Gap Description~ROI/ Purpose~Schedule to close the DPY Gaps~SEM Spls/wk~Shipping Information~Special Group Demo~Special Group involved~Strategic Importance~Substrate Material~Substrate Type~Success Criteria~TagVue~TAMBA Name~TAMBA Owner~TAMBA Status~Team Member~Tech Prob~TEM Spls/wk~Tool ID~Tool Share~Wafer Available in Lab~Wafer Location~Wafer Size~Wafer Thickness~Wafer Type"
    },
    "TC_05": {
      "excelFileName":"All View",
      "excelFileSheetName":"All View",
      "excelHeaderList":"BU~Priority~Demo Name~Demo Owner~Co-Owner~Internal Demo~Demo Number~Previous Execution Risk~Current Execution Risk~Demo Completion~Requested Completion~Special Group Demo~Special Group involved~Additional TAMBA~TAMBA Name~TAMBA Owner~Application Segment~Application Name (Customer)~Application~Device Type~AMAT Product~DTOR Date~DTOR Status~PTOR Date~PTOR Status~Account~Managed Account~Customer Node~Customer Fab~Customer Commit~Customer Engagement~Customer Engagement Readiness~Performance (Spec vs. Actual)~CoO Gap (spec vs. Actual)~Onsite Chamber Readiness~Additional CIP HW Requirement~CIP HW Shipment Target~Schedule to close the DPY Gaps~Risk/Gap Description~Risk/Gap Closure Plan~Account TAM~P TAMBA~29% List~TAMBA Status~HVP~AMAT Node~Tech Prob~Account Adoption Prob %~BU Adoption Prob %~Strategic Importance~ROI/ Purpose~HtH~Success Criteria~Competitor Company~Competitor Tool~Demo Approval~Customer Consumable Due Date~Wafer Available in Lab~Demo Type~Repeat Demo #~Substrate Type~Substrate Material~Wafer Thickness~Frontside protection or Carrier type~Dimensions~Wafer Size~Wafer Type~Number of Wafers~Account Owner~Customer Owner~Customer title~Customer e-mail~Customer Phone~Customer Mailing address~Demo Location~Tool ID~Chamber Position~Chamber Config~Tool Share~Chamber Usage (H/Day)~Duration (wk)~Demo Start~Lab Ready~AMAT Wafers/ Consumables~Wafer Location~Customer Wafer Destination~TagVue~Demo Issue~Shipping Information~Resources~Eng.~TEM Spls/wk~SEM Spls/wk~IO#/ Cost Center~CAT/RAT #~Requestor~Team Member~Productivity Owner~Other Groups~BM Owner~CAT/RAT Manager~KPU Head/GPM~Estimated Cost~Demo Development Stage~Estimation Complete~Approved By~Approved Date~Closed Date~Demo Submission Date"
    },
    "TC_06": {
    "availableColsSelection":"29% List~Account"
    },
    "TC_07": {
      "selectedColsSelection":"29% List~Account",
      "availableColsSelection":"AMAT Product~Chamber Position"
    },
    "TC_08": {
      "account": "MICRON US",
      "primaryBu":"ALD",
      "hvp":"Chnage the file",
      "demoType":"Characterization",
      "successCriteria":"Application Validation",
      "substrateType":"Coupon",
      "customerSpecOption":"Manual",
      "attributeCategory":"gdg",
      "attribute":"fgdfg",
      "marketSegReq":"gfdgdfg",
      "weightProperty":"High"
    
    },
    "TC_08_1": {
      "account": "MICRON US",
      "primaryBu":"DCVD",
      "hvp":"Chnage the file",
      "demoType":"Characterization",
      "successCriteria":"Application Validation",
      "substrateType":"Coupon",
      "customerSpecOption":"Manual",
      "attributeCategory":"gdg",
      "attribute":"fgdfg",
      "marketSegReq":"gfdgdfg",
      "weightProperty":"High"
    },
    "TC_08_2": {
      "account": "MICRON US",
      "primaryBu":"Etch",
      "hvp":"Chnage the file",
      "demoType":"Characterization",
      "successCriteria":"Application Validation",
      "substrateType":"Coupon",
      "customerSpecOption":"Manual",
      "attributeCategory":"gdg",
      "attribute":"fgdfg",
      "marketSegReq":"gfdgdfg",
      "weightProperty":"High"
    
    },
    "TC_08_3": {
      "account": "MICRON US",
      "primaryBu":"SRP",
      "hvp":"Chnage the file",
      "demoType":"Characterization",
      "successCriteria":"Application Validation",
      "substrateType":"Coupon",
      "customerSpecOption":"Manual",
      "attributeCategory":"gdg",
      "attribute":"fgdfg",
      "marketSegReq":"gfdgdfg",
      "weightProperty":"High"
    
    },
    "TC_08_4": {
      "buList":"BU~ALD~CMP~DCVD~EPG~EPI~Etch~FEP~MDP~METALS_PKG~PPC~SRP~VSE",
      "demoCMP":"Test-GB01",
      "demoEPG":"Test _DevTeam",
      "demoEPI":"ptest_0210_01",
      "demoFEP":"Test-AL-C189",
      "demoMDP":"Secret Customer Demo",
      "demoMETALSPKG":"Demo Req-02",
      "demoPPC":"TI Damascene Demo",
      "demoVSE":"Test Demo - VSE Mandatory Test"
    
    },
    "TC_09": {
    },
    "TC_10": {
      "demoOwner":"EDRTest5",
      "teamMember":"EDRTest6",
      "catRatManager":"EDRTest6",
      "kpuHeadGpm":"EDRTest6",
      "accountOwner":"EDRTest6",
      "otherGroup":"Micron Test"
    },
    "TC_13": {
      "bU":"CMP",
      "soureRowDemo":"Test-GB01",
      "targetRowDemo":"Test-GB04",
      "soureRowDemo1":"Demo Name Test 998899",
      "targetRowDemo1":"Test-GB01"
    },
    "TC_14": {
      "soureRowDemo":"Demo name KT -00999",
      "targetRowDemo":"Secondary Bu test demo" 
    },
    "TC_15": {
      "substrateTypeDemo":"Coupon",
      "exeRisk":"Medium"
    },
    "TC_17": {
      "demoOwner":"Nidhi Sharma",
      "onHoldDemoName":"sdfsdsadas"
    },
    "TC_18": {
      "ddSecurityVal":"Internal - BU Only"
    },
    "TC_19": {
      "kpuHeadGpm":"EDRTest6",
      "demoLocation":"5",
      "toolName":"Synexis Producer GT",
      "toolId":"427941",
      "chamberPosition": "A",
      "chamberConfig":"Dummy Chaber;"
    },
    "TC_20": {
      "teamMember":"EDRTest6",
      "catRatManager":"EDRTest6",
      "kpuHeadGpm":"EDRTest6",
      "accountOwner":"EDRTest6",
      "ddSecurityVal":"Internal - BU Only",
      "demoLocation":"5",
      "toolName":"Synexis Producer GT",
      "toolId":"427941",
      "chamberPosition": "A",
      "chamberConfig":"Dummy Chaber;"
    },
    "TC_21": {
      "otherGroup":"Micron Test",
      "demoLocation":"5",
      "toolName":"Synexis Producer GT",
      "toolId":"427941",
      "chamberPosition": "A",
      "chamberConfig":"Dummy Chaber;"
    },
    "TC_27": {
    
    },
    "TC_28": {
      "substrateType":"Other",
      "exeRisk":"Low"
    },
    "TC_31": {
      "demoName":"Test_AllView"
    },
    "TC_32": {
    },
    "TC_33": {
      "demoOwner":"EDRTest5"
    },
    "TC_34": {
     
    },
    "TC_35": {
    },
    "TC_36": {
      "excelFileName":"All View",      
      "excelCoumnName":"Demo Name"
    },
    "TC_39": {

    },
    "TC_41": {
      "ddList":"Yes~No"
    },
    "TC_42": {
      "otherGroup":"Micron Test",
      "substrateTypeDemo":"Coupon",
      "exeRisk":"Medium"
    },
    "TC_45": {
      "waferLocation": "In transit to customer",
      "substrateType":"Other",
      "substrateTypeDemo":"Coupon",
      "exeRisk":"Medium"
    },
    "TC_47": {
      "custWaferDest": "B2-SRP"
    },				 								
    "TC_48": {
      "custWaferDest": "B2-SRP",
      "excelFileName": "All View",
      "excelCoumnName":"Customer Wafer Destination"
    },
    "TC_51": {
      "demoName":"Secondary Demo test",
      "appovedDemoName":"test-AL Multi BU Demo"
    },
    "TC_54": {
      "otherGroupName":"Intel_NA",
      "otherGroupNmPopUp":"Intel_NA"
    },
    "TC_25":{
      "account": "MICRON US",
      "primaryBu":"DCVD",
      "hvp":"Chnage the file",
      "demoType":"Characterization",
      "successCriteria":"Application Validation",
      "substrateType":"Coupon",
      "attributeCategory":"gdg",
      "attribute":"fgdfg",
      "marketSegReq":"gfdgdfg",
      "weightProperty":"High",
      "customerSpecOption" : "Upload",
      "waferStackOption" : "Upload",
      "internalAccount": "TestINternalAcc",      
      "expDemoStatus": "Pending Review",
      "bmApprovedToggle": "BM Approved"
    },
    "TC_22": {
      "selectedColsList":"AMAT Product~Chamber Position",
      "availableColsList":"AMAT Node~Application"
    },
    "TC_23": {
      "account": "MICRON US",
      "primaryBu":"DCVD",
      "hvp":"Chnage the file",
      "demoType":"Characterization",
      "successCriteria":"Application Validation",
      "substrateType":"Coupon",
      "customerSpecOption":"Manual",
      "attributeCategory":"gdg",
      "attribute":"fgdfg",
      "marketSegReq":"gfdgdfg",
      "weightProperty":"High",
      "beforeExecRisk":"Risk Not Define",     
      "currentExecRiskvalue":"Medium",
      "afterExecRisk":"Medium Risk"
    },
    "TC_24": {
      "demoOwner":"SAFTest2",
      "substrateTypeDemo":"Coupon",
      "exeRisk":"Medium"

     
    },
    "TC_37": {
      "account": "MICRON US",
      "primaryBu":"DCVD",
      "hvp":"Chnage the file",
      "demoType":"Characterization",
      "successCriteria":"Application Validation",
      "substrateType":"Coupon",
      "customerSpecOption":"Manual",
      "attributeCategory":"gdg",
      "attribute":"fgdfg",
      "marketSegReq":"gfdgdfg",
      "weightProperty":"High",
      "beforeExecRisk":"Risk Not Define",     
      "currentExecRiskvalue":"Medium",
      "afterExecRisk":"Medium Risk"
    },
    "TC_38": {
      "ddSecurityVal":"Internal - BU Only",
      "demoOwner":"EDRTest5"

    },
    "TC_49": {
      "demoOwner":"Nidhi Sharma"

    },
    "TC_30": {
      "productivityOwner":"Nidhi Sharma",
      "demoOwner":"EDRTest5"
  
    }
    }

  