{
  "coreTest01": {
    "homePageDataCount": "10",
    "bu": "Etch"
  },
  "coreTest02": {
    "account": "MICRON US",
    "primaryBu": "DCVD",
    "hvp": "Test HVP",
    "demoType": "DYP",
    "successCriteria" : "Test_Success_Criteria",
    "substrateType" : "Coupon",
    "customerSpecOption" : "Manual",
    "attributeCategory" : "Test_Attribute_Category",
    "attribute" : "Test_Attribute",
    "marketSegReq" : "Test_Market_Segment_Req",
    "weightProperty" : "High"
  },
  "coreTest03": {
    "demoApprovalStatus": "ACL - Approved",
    "demoOwner": "SAFtest1",
    "priority": "High",
    "executionRisk" : "Medium"
  },
  "coreTest04": {
    "expDemoApprovalStatus": "ACL-With Demo Owner",
    "demoApprovalStatus": "BCL - On Hold",
    "justification": "For testing purpose",
    "expDemoApprovalStatus1": "BCL-With Demo Owner",
    "ROIPurpose": "Test ROI Purpose",
    "curExecRisk": "Medium",
    "expCurExecRisk": "Medium Risk",
    "custFab": "Test_Cust_Fab",
    "perfSpecVsAct": "Red",
    "expPerfSpecVsAct": "High Risk",
    "cooGapSpecVsAct": "Yellow",
    "expCooGapSpecVsAct": "Medium Risk",
    "onsiteChamberReady": "No",
    "addCIPHWReq": "No",
    "riskGapDesc": "Test_Risk_Gap_Description",
    "riskGapClosurePlan": "Test_Risk_Gap_Closure_Plan",
    "hvp": "Test_HVP_Value"
  }
}