{
  "TC_01": {
    "account": "MICRON US",
    "primaryBu": "DCVD",
    "hvp": "Test HVP",
    "demoType": "DYP",
    "successCriteria" : "Test_Success_Criteria",
    "substrateType" : "Coupon",
    "customerSpecOption" : "Manual",
    "attributeCategory" : "Test_Attribute_Category",
    "attribute" : "Test_Attribute",
    "marketSegReq" : "Test_Market_Segment_Req",
    "weightProperty" : "High",
    "expDemoStatus": "Pending Review"
  },
  "TC_02": {
    "account": "MICRON US",
    "primaryBu": "DCVD",
    "hvp": "Test HVP",
    "demoType": "DYP",
    "successCriteria" : "Test_Success_Criteria",
    "substrateType" : "Coupon",
    "customerSpecOption" : "Manual",
    "attributeCategory" : "Test_Attribute_Category",
    "attribute" : "Test_Attribute",
    "marketSegReq" : "Test_Market_Segment_Req",
    "weightProperty" : "High",
    "expDemoStatus": "Pending Review",
    "estimatorNm": "SAFtest1",
    "sEstimatorNmToolTip" : "Estimator should be a technologist able to estimate the resource required to execute the demo (CAT, RAT, Process Engineer), this step is optional and will not prevent the demo to be prioritized"
  },
  "TC_04": {
    "account": "MICRON US",
    "primaryBu": "DCVD",
    "amatProd": "Other",
    "otherAmatProd": "TestOtherAMATProd"
  },
  "TC_05": {
    "account": "MICRON US",
    "primaryBu": "DCVD"
  },
  "TC_07": {
    "account": "MICRON US",
    "primaryBu": "DCVD",
    "submitBtnTooltip": "Please Fill Required Fields in Opportunity Info Screen."
  },
  "TC_08": {
    "account": "MICRON US",
    "primaryBu": "DCVD",
    "hvp": "Test HVP",
    "demoType": "DYP",
    "successCriteria" : "Test_Success_Criteria",
    "substrateType" : "Coupon",
    "customerSpecOption" : "Upload",
    "waferStackOption" : "Upload",
    "attributeCategory" : "Test_Attribute_Category",
    "attribute" : "Test_Attribute",
    "marketSegReq" : "Test_Market_Segment_Req",
    "weightProperty" : "High",
    "expDemoStatus": "Pending Review"
  },
  "TC_10": {
    "account": "MICRON US",
    "primaryBu": "DCVD",
    "hvp": "Test HVP",
    "demoType": "DYP~PME~Engineering~Tool Selection~Other",
    "successCriteria" : "Test_Success_Criteria",
    "substrateType" : "Coupon",
    "customerSpecOption" : "Manual",
    "attributeCategory" : "Test_Attribute_Category",
    "attribute" : "Test_Attribute",
    "marketSegReq" : "Test_Market_Segment_Req",
    "weightProperty" : "High",
    "expDemoStatus": "Pending Review"
  },
  "TC_11":{
    "expTAMBAStatusDDVal": "DTOR~Forfeit~Lost~Open~PTOR"
  },
  "TC_12": {
    "account": "MICRON US",
    "primaryBu": "DCVD",
    "mngdAccount": "Micron",
    "appSeg": "FCVD",
    "application": "FCVD Cure",
    "deviceType": "3D NAND",
    "amatProd": "FCVD",
    "appNameCust": "Carbon HM",
    "amatNode": "100-130p",
    "custNode": "130s",
    "comptComp": "ASM International",
    "comptTool": "AURORA"
  },
  "TC_14":{
    "internalAccount": "TestINternalAcc"
  },
  "TC_15_1": {
    "internalAccount": "TestINternalAcc",
    "primaryBu": "DCVD",
    "hvp": "Test HVP",
    "demoType": "DYP",
    "successCriteria" : "Test_Success_Criteria",
    "substrateType" : "Coupon",
    "expDemoStatus": "Pending Review"
  },
  "TC_15_2": {
    "account": "MICRON US",
    "primaryBu": "VSE",
    "hvp": "Test HVP",
    "demoType": "DYP",
    "successCriteria" : "Test_Success_Criteria",
    "substrateType" : "Coupon",
    "expDemoStatus": "Pending Review",
    "appSeg": "Unknown",
    "deviceType": "CIS",
    "amatNode": "28nm"
  },
  "TC_16":{
    "demoTypes": "DYP~PME~Engineering~Tool Selection~Other"
  },
  "TC_16_1":{
    "account": "MICRON US",
    "primaryBu": "Etch",
    "appSegment": "DRAM: EUV",
    "deviceType": "FDSOI",
    "amatNode": "10nm",
    "hvp": "Test HVP",
    "demoType": "Other",
    "successCriteria" : "Test_Success_Criteria",
    "substrateType" : "Coupon",
    "customerSpecOption" : "Upload",
    "waferStackOption": "Upload",
    "expDemoStatus": "Pending Review"
  },
  "TC_16_4":{
    "customerSpecOption" : "Manual",
    "waferStackOption": "Upload",
    "attributeCategory" : "Test_Attribute_Category",
    "attribute" : "Test_Attribute",
    "marketSegReq" : "Test_Market_Segment_Req",
    "weightProperty" : "High",
    "customerSpecOption1" : "Upload",
    "expDemoStatus": "Pending Review"
  },
  "TC_16_5":{
    "customerSpecOption" : "Manual",
    "attributeCategory" : "Test_Attribute_Category1",
    "attribute" : "Test_Attribute1",
    "marketSegReq" : "Test_Market_Segment_Req1",
    "weightProperty" : "Medium",
    "newWeightProperty" : "Low",
    "customerSpecOption1" : "Upload",
    "expDemoStatus": "Pending Review"
  },
  "TC_16_6":{
    "waferStackOption" : "Manual",
    "waferStackComment" : "Test_Wafer_Stack_Comment",
    "waferStackComment1" : "Test_Wafer_Stack_Comment1",
    "expDemoStatus": "Pending Review"
  },
  "TC_19":{
    "account": "MICRON US",
    "primaryBu": "DCVD",
    "hvp": "Test HVP",
    "demoType": "DYP",
    "successCriteria" : "Test_Success_Criteria",
    "substrateType" : "Full Wafer",
    "defSubstrateMaterialVal" : "Si",
    "substrateMaterial" : "Other"
  },
  "TC_20":{
    "account": "MICRON US",
    "primaryBu": "Etch",
    "hvp": "Test HVP",
    "demoType": "Engineering",
    "successCriteria" : "Test_Success_Criteria",
    "substrateType" : "Full Wafer",
    "substrateMaterial" : "Thin Flat",
    "waferThickness" : "WaferThikness12.3"
  },
  "TC_21":{
    "account": "MICRON US",
    "primaryBu": "ALD",
    "hvp": "Test HVP",
    "demoType": "Escalation",
    "successCriteria" : "Test_Success_Criteria",
    "substrateType" : "Full Wafer",
    "substrateMaterial" : "Thin Taiko",
    "waferThickness" : "WaferThikness12.3"
  },
  "TC_22":{
    "account": "MICRON US",
    "primaryBu": "ALD",
    "hvp": "Test HVP",
    "demoType": "Escalation",
    "successCriteria" : "Test_Success_Criteria",
    "substrateType" : "Coupon",
    "dimensions" : "12.3cm"
  },
  "TC_23":{
    "expBUList": "ALD~CMP~DCVD~EPG~EPI~Etch~FEP~MDP~METALS_PKG~PPC~SRP~VSE",
    "demoType": "Multi BU Demo"
  },
  "TC_24": {
    "account": "MICRON US",
    "primaryBu": "Etch",
    "hvp": "Test HVP",
    "demoType": "DYP",
    "successCriteria" : "Test_Success_Criteria",
    "substrateType" : "Coupon",
    "customerSpecOption": "Upload",
    "custWaferDest": "EPI_SPG Bowers Customer Wafer Room",
    "custWaferDest1": "AFP_SPG Bowers Customer Wafer Room"
  },
  "TC_26": {
    "account": "MICRON US",
    "primaryBu": "Etch",
    "hvp": "Test HVP",
    "demoType": "Multi BU Demo",
    "successCriteria" : "Test_Success_Criteria",
    "substrateType" : "Coupon",
    "customerSpecOption": "Upload",
    "waferStackOption":"Upload",
    "expSecondaryBUs": "ALD~CMP~DCVD~EPG~EPI~FEP~MDP~METALS_PKG~PPC~SRP~VSE",
    "secBU1": "FEP",
    "secBU2": "MDP",
    "requestor1": "SAFtest1"
  },
  "TC_27": {
    "demoApprovalStatus": "ACL - Approved",
    "demoOwner": "SAFtest1",
    "priority": "High",
    "executionRisk" : "Medium"
  },
  "TC_29": {
    "account": "MICRON US",
    "primaryBu": "Etch",
    "hvp": "Test HVP",
    "demoType": "Multi BU Demo",
    "successCriteria" : "Test_Success_Criteria",
    "buSelectionList": "ALD~CMP~DCVD~EPG~EPI~FEP~MDP~METALS_PKG~PPC~SRP~VSE"
  },
  "TC_33": {
    "security": "External - BU And Account",
    "category": "Customer Specs",
    "security1": "Internal - BU Only",
    "category1": "Wafer Stack",
    "bu": "MDP",
    "waferStackOption":"Upload"
  },
  "TC_35":{
    "account": "MICRON US",
    "primaryBu": "Etch",
    "hvp": "Test HVP",
    "demoType": "Other",
    "successCriteria" : "Test_Success_Criteria",
    "substrateType" : "Coupon",
    "customerSpecOption" : "Upload",
    "waferStackOption": "Upload",
    "demoApprovalStatus": "ACL - Approved",
    "priority": "High",
    "executionRisk" : "Medium"
  },
  "TC_37": {
    "specialGrpRbtns": "BU Owned~Special Group Owned",
    "specialGroup": "ICAPS",
    "primaryBu" : "DCVD",
    "account" :"MICRON US",
    "additionaBu" : "Etch"
  },
  "TC_38": {
    "specialGrpRbtns": "BU Owned~Special Group Owned",
    "specialGrpOptions": "ICAPS~IMS~SMS~Packaging",
    "specialGrpDeselectOptions": "Packaging~SMS"
  },
  "TC_39": {
    "internalAccount": "TestInternalAcc",
    "primaryBu": "ALD",
    "hvp": "Test HVP",
    "demoType": "Live",
    "successCriteria" : "Test_Success_Criteria",
    "substrateType" : "Full Wafer",
    "waferSize" : "200",
    "expDemoStatus": "Pending Review",
    "customerSpecOption" : "Upload",
    "waferStackOption" : "Upload"
  },
"TC_40": {
    "internalAccount": "TestInternalAcc",
    "primaryBu": "DCVD",
    "hvp": "Test HVP",
    "demoType": "DYP",
    "successCriteria" : "Test_Success_Criteria",
    "substrateType" : "Full Wafer",
    "waferSize" : "200",
    "expDemoStatus": "Pending Review",
    "specialGrpOptions":"ICAPS~IMS",
    "demoApprovalStatus":"ACL - Approved",
    "priority":"High",
    "issueType" : "Miss Processed",
    "waferSlotPosition" : "5"
  },
  "TC_41": {
    "internalAccount": "TestInternalAcc",
    "primaryBu": "DCVD",
    "hvp": "Test HVP",
    "demoType": "DYP",
    "successCriteria" : "Test_Success_Criteria",
    "substrateType" : "Full Wafer",
    "waferSize" : "200",
    "expDemoStatus": "Pending Review",
    "specialGroup":"ICAPS",
    "demoApprovalStatus":"ACL - Approved",
    "priority":"High",
    "issueType" : "Miss Processed",
    "waferSlotPosition" : "5",
    "consumables":"1",
    "justification":"Test_Justification",
    "patternWafer":"100",
    "blanketWafer":"200",
    "laborChrg":"300",
    "bayToolChrg":"400",
    "toolDepCost":"500"
  },
  "TC_42": {
    "account": "MICRON US",
    "primaryBu": "Etch",
    "hvp": "Test HVP",
    "demoType": "DYP",
    "successCriteria" : "Test_Success_Criteria",
    "substrateType" : "Coupon",
    "customerSpecOption": "Upload",
    "waferStackOption" : "Upload",
    "specialGrpOptions": "ICAPS~IMS",
    "ioCCVal": "Test IO CC",
    "substrateTypeDemoDtls": "Other",
    "demoApprovalStatus": "ACL - Approved",
    "priority":"High",
    "expDemoStatus":"Pending Review"
  },
  "TC_43": {
    "account": "MICRON US",
    "primaryBu": "ALD",
    "appSegment":"Plasma",
    "deviceType":"3D NAND",
    "amatNode":"100-130p",
    "hvp": "Test HVP",
    "demoType": "DYP",
    "successCriteria" : "Test_Success_Criteria",
    "substrateType" : "Coupon",
    "customerSpecOption": "Upload",
    "waferStackOption" : "Upload",
    "specialGrpOptions": "ICAPS~IMS",
    "engineer": "2",
    "resources":"High",
	"resourcesAllView":"H",					   
    "temSampleWk":"1",
    "semSampleWk":"2",
    "demoDevStage":"Electrical",
    "chamberUsage":"1",
    "duration":"5",
    "substrateTypeDemoDtls": "Other",
    "demoApprovalStatus": "ACL - Approved",
    "priority":"High",
    "expDemoStatus":"Pending Review"
  },
  "TC_44": {
    "account": "MICRON US",
    "primaryBu": "DCVD",
    "hvp": "Test HVP",
    "demoType": "Other",
    "successCriteria" : "Test_Success_Criteria",
    "substrateType" : "Coupon",
    "customerSpecOption": "Upload",
    "waferStackOption" : "Upload",
    "specialGrpOptions": "ICAPS",
    "issueType" : "Miss Processed",
    "waferSlotPosition" : "5",
    "demoApprovalStatus": "ACL - Approved",
    "priority":"High",
    "expDemoStatus":"Pending Review"
  },
"TC_45": {
    "account": "MICRON US",
    "primaryBu": "ALD",
    "appSegment":"Plasma",
    "deviceType":"3D NAND",
    "amatNode":"100-130p",
    "hvp": "Test HVP",
    "demoType": "DYP",
    "successCriteria" : "Test_Success_Criteria",
    "substrateType" : "Coupon",
    "customerSpecOption": "Upload",
    "waferStackOption" : "Upload",
    "specialGrpOptions": "ICAPS~IMS",
    "teamMember" : "Nidhi Sharma",
    "catRatMngr" : "Yogendra Singh Rajput",
    "kpuHeadGPM" : "Ginger Bryan",
    "demoApprovalStatus": "ACL - Approved",
    "priority":"High"
  },
  "TC_46": {
    "account": "MICRON US",
    "specialGroup": "ICAPS",
    "appSegment":"Plasma",
    "deviceType":"3D NAND",
    "amatNode":"100-130p",
    "hvp": "Test HVP",
    "demoType": "DYP",
    "successCriteria" : "Test_Success_Criteria",
    "substrateType" : "Coupon",
    "customerSpecOption": "Upload",
    "waferStackOption" : "Upload",
    "specialGrpOptions": "ICAPS",
    "demoLoc" : "5",
    "toolName" : "FEP Producer / 427945",
    "chamberPos" : "A",
    "waferLoc" : "Demo started",
    "custWaferDest" : "B2-SRP",
    "demoApprovalStatus": "ACL - Approved",
    "priority":"High"
  },
  "TC_47": {
    "account": "MICRON US",
    "specialGroup": "ICAPS",
    "primaryBu": "ALD",
    "appSegment":"Plasma",
    "deviceType":"3D NAND",
    "amatNode":"100-130p",
    "hvp": "Test HVP",
    "demoType": "DYP",
    "successCriteria" : "Test_Success_Criteria",
    "substrateType" : "Coupon",
    "customerSpecOption": "Upload",
    "waferStackOption" : "Upload",
    "specialGrpOptions": "ICAPS",
    "confChngDtMilestoneStatus":"At Risk",
    "schStrtDtMilestoneStatus":"Completed",
    "schCompDtMilestoneStatus":"On Track",
    "justification" : "Test_Justification",
    "additionaBu": "Etch",
    "demoApprovalStatus": "ACL - Approved",
    "priority":"High"
  },
  "TC_49": {
    "account": "MICRON US",
    "primaryBu": "ALD",
    "hvp": "Test HVP",
    "demoType": "Multi BU Demo",
    "secBU1" : "CMP",
    "requestor1":"SAFtest1",
    "secBU2" : "ICAPS",
    "successCriteria" : "Test_Success_Criteria",
    "substrateType" : "Coupon",
    "customerSpecOption": "Upload",
    "waferStackOption" : "Upload",
    "specialGrpOptions": "ICAPS",
    "confChngDtMilestoneStatus":"At Risk",
    "schStrtDtMilestoneStatus":"Completed",
    "schCompDtMilestoneStatus":"On Track",
    "justification" : "Test_Justification",
    "additionaBu": "Etch",
    "demoApprovalStatus": "ACL - Approved",
    "priority":"High",
    "custEngagement" : "Recovery",
    "perfRYGColour" : "G",
    "cooGapRYGColour" : "Y",
    "riskGapDesc" : "Test_Rish_Gap_Desc",
    "riskGapClosurePlan" : "Test_Risk_Gap_Closure_Plan",
    "perSpecAct" : "Low Risk",
    "cooGapSpecAct" : "Medium Risk",
    "submitBtnTooltip" : "Please add special group in 'Special Group to be Informed' or add atleast one special gorup entry in multi bu demo table."
  },
  "TC_50": {
    "account": "MICRON US",
    "primaryBu": "ALD",
    "appSegment":"Plasma",
    "deviceType":"3D NAND",
    "amatNode":"100-130p",
    "hvp": "Test HVP",
    "demoType": "Multi BU Demo",
    "secBU1" : "CMP",
    "requestor1":"SAFtest1",
    "secBU2" : "ICAPS",
    "successCriteria" : "Test_Success_Criteria",
    "substrateType" : "Coupon",
    "customerSpecOption": "Upload",
    "waferStackOption" : "Upload",
    "specialGrpOptions": "ICAPS",
    "confChngDtMilestoneStatus":"At Risk",
    "schStrtDtMilestoneStatus":"Completed",
    "schCompDtMilestoneStatus":"On Track",
    "justification" : "Test_Justification",
    "additionaBu": "Etch",
    "demoApprovalStatus": "ACL - Approved",
    "priority":"High",
    "shippingInfo":"TestShippingInfo",
    "freightFwdr":"TestFreightFwdr",
    "trackingNum":"TestTrackingNum",
    "submitBtnTooltip" : "Please add special group in 'Special Group to be Informed' or add atleast one special gorup entry in multi bu demo table."
  },
  "TC_51": {
    "internalAccount":"TestINternalAcc",
    "account": "MICRON US",
    "primaryBu": "DCVD",
    "hvp": "Test HVP",
    "demoType": "Live",
    "successCriteria" : "Test_Success_Criteria",
    "substrateType" : "Coupon",
    "customerSpecOption": "Upload",
    "waferStackOption" : "Upload",
    "execRisk" : "Complete",
    "expCurExeRisk" : "C",
    "execRisk1" : "Medium",
    "expCurExeRisk1" : "M",
    "waferLoc" : "In transit to customer",
    "demoApprovalStatus": "ACL - Approved",
    "demoApprovalStatus1": "Closed",
    "priority":"High",
    "expDemoStatus":"Pending Review"
  },
  "TC_53": {
    "demoType": "Multi BU Demo",																 
    "secBU1": "FEP",
    "requestor1": "SAFtest1"
  },
"TC_54": {
    "account": "MICRON US",
    "primaryBu": "Etch",
    "hvp": "Test HVP",
    "demoType": "Multi BU Demo",
    "successCriteria" : "Test_Success_Criteria",
    "substrateType" : "Coupon",
    "customerSpecOption": "Upload",
    "waferStackOption":"Upload",
    "expSecondaryBUs": "ALD~CMP~DCVD~EPG~EPI~FEP~MDP~METALS_PKG~PPC~SRP~VSE",
    "secBU1": "FEP",
	"secBU2": "MDP",				
    "requestor1": "SAFtest1"
  },
  "TC_55": {
    "account": "MICRON US",
    "primaryBu": "DCVD",
    "hvp": "Test HVP",
    "demoType": "Multi BU Demo",
    "successCriteria" : "Test_Success_Criteria",
    "substrateType" : "Coupon",
    "customerSpecOption": "Upload",
    "waferStackOption":"Upload",
    "secBU1": "FEP",
    "requestor1": "SAFtest1",
    "requestor2": "SAFTest6",
    "demoApprovalStatus":"ACL - Approved",
    "priority":"High"
  },
  "TC_56":{
    "account": "MICRON US",
    "primaryBu": "DCVD",
    "catRatID": "RAT-5987",
    "hvp": "Test HVP",
    "demoType": "Other",
    "successCriteria" : "Test_Success_Criteria",
    "substrateType" : "Coupon",
    "customerSpecOption" : "Upload",
    "waferStackOption": "Upload",
    "expDemoStatus": "Pending Review"
  },
  "TC_57":{
    "account": "MICRON US",
    "primaryBu": "Etch",
    "hvp": "Test HVP",
    "demoType": "Other",
    "successCriteria" : "Test_Success_Criteria",
    "substrateType" : "Full Wafer",
    "waferSize" : "200",
    "noOfCustomerBlanketWafer" : "5",
    "noOfAMATBlanketWafer" : "4",
    "noOfCustomerPatternWafer" : "3",
    "noOfAMATPatternWafer" : "2",
    "customerSpecOption" : "Upload",
    "waferStackOption": "Upload",
    "expDemoStatus": "Pending Review"																			   
  },
  "TC_60":{
    "mngdAcc1" : "Micron",
    "mngdAcc2" : "Samsung",
    "account": "MICRON US",
    "primaryBu": "Etch",
    "hvp": "Test HVP",
    "demoType": "Other",
    "successCriteria" : "Test_Success_Criteria",
    "substrateType" : "Coupon",
    "waferSize" : "200",
    "noOfCustomerBlanketWafer" : "5",
    "noOfAMATBlanketWafer" : "4",
    "noOfCustomerPatternWafer" : "3",
    "noOfAMATPatternWafer" : "2",
    "customerSpecOption" : "Upload",
    "waferStackOption": "Upload",
    "demoApprovalStatus": "ACL - Approved",
    "priority":"High",
    "expDemoStatus":"Pending Review"
  },								
  "TC_61":{
    "tambaSearchTblHdrs":"TAMBA Name~Account~Managed Account~Business Unit~Application Segment~Application~Device Type~Customer Node~AMAT Node~AMAT Product (G3)~Special Group"
  }
}