{ 
    "TC_Pre-Requisite": {
      "account": "MICRON US",
      "primaryBu":"DCVD",
      "hvp":"Chnage the file",
      "demoType":"Characterization",
      "successCriteria":"Application Validation",
      "substrateType":"Coupon",
      "customerSpecOption":"Manual",
      "attributeCategory":"gdg",
      "attribute":"fgdfg",
      "marketSegReq":"gfdgdfg",
      "weightProperty":"High",
      "demoOwner":"Nidhi Sharma"
    },
    "TC_01": {
      "demoOwner":"EDRTest5",
      "teamMember":"EDRTest5",
      "catRatManager":"EDRTest5",
      "kpuHeadGpm":"EDRTest5",
      "accountOwner":"EDRTest5",
      "productivityOwner":"EDRTest5",
      "otherGroup":"Micron Test",
      "headerLabelListUnpinged":"Demo Number~Demo Owner~Co-Owner~Team Member~Account Owner~CAT/RAT Manager~KPU Head / GPM~Productivity Owner~~~",
      "headerLabelListPinged": "Demo Name~Account",
      "kpuHeadGpmUser":"EDRTest6",
      "demoOwnerUser":"EDRTest6"
    },
    "TC_02": {
      "demoOwner":"EDRTest6",
      "teamMember":"EDRTest6",
      "catRatManager":"EDRTest6",
      "kpuHeadGpm":"EDRTest6",
      "accountOwner":"EDRTest6",
      "productivityOwner":"EDRTest6",
      "otherGroup":"Micron Test",
      "headerLabelListUnpinged":"Demo Number~Demo Owner~Co-Owner~Team Member~Account Owner~CAT/RAT Manager~KPU Head / GPM~Productivity Owner~~~",
      "headerLabelListPinged": "Demo Name~Account"
    },
    "TC_03": {
      "catRatManager":"EDRTest6",
      "accountOwner":"EDRTest6",
      "otherGroup":"Micron Test"
    }
  }
  