{

  "TC_Pre-Requisite": {
    "account": "MICRON US",
    "primaryBu":"DCVD",
    "appSegment":"FCVD",
    "deviceType":"Storage",
    "amatNode":"Storage",
    "accountTam":"8815",
    "hvp":"Adding HVP",
    "demoType":"Characterization",
    "successCriteria":"Application Validation",
    "substrateType":"Coupon",
    "customerSpecOption":"Manual",
    "attributeCategory":"Add Category",
    "attribute":"Add Attirbute",
    "marketSegReq":"Add Market",
    "weightProperty":"High",
    "demoOwner":"EDRTest5"
  },
  "TC_01": {
    "menuList" :"Home~Requests~All Demo's~Admin~My Action~Important Links",
    "bannerText":"Welcome to My Demo One stop shop for E2E Demo Management.",
    "actionLegends":"High~Medium~Low~Completed",
    "milestoneLegends":"At Risk~On Track~Completed",
    "headerTable":"Priority~Demo Name~Demo Number~Demo Owner~Co-Owner~Account~AMAT Product~Application Segment~Execution Risk~Lab Ready~Demo Start~Demo Completion~HVP~Device Type~~",
    "bU":"SRP"
  
  },
  "TC_02": {
    "comment" :"Testing Add Comment Section"
  },
  "TC_03": {
    "comment" :"Testing Add Comment Section",
    "headerTable":"Action Item~ECD~Owner~Comments~Created Date~Status~History",
    "actionItemText":"Testing the action item",
    "ownerText":"EDRTest5",
    "commentText":"Comment Text"
  },
  "TC_04": {
    
    "headerTable":"Action Item~ECD~Owner~Comments~Created Date~Status~History",
    "actionItemText":"Testing the action item"
    
  },
  "TC_05": {
    
    "ddSecurityVal":"Internal - BU Only",
    "link":"google.com"
    
  }
}