{
  "login": {
    "userNameGlobalAdmin": "x0120589",
    "passwordGlobalAdmin": "Amat@123",
    "userNameRATUser": "SAFTest7",
    "passwordRATUser": "Amat@456",
    "userNameCATUser": "SAFTest8",
    "passwordCATUser": "Amat@456",
    "userNameRATCATUser": "SAFTest10",
    "passwordRATCATUser": "Amat@456",
	  "userNameEstimator": "SAFtest1",
    "passwordEstimator": "Amat@456",																
    "userNameBUSuperUser": "SAFTest6",
    "passwordBUSuperUser": "Amat@456",
    "userNameBUExecutiveUser": "SAFTest9",
    "passwordBUExecutiveUser": "Amat@456",
    "userNameAccountSuperUser": "SAFTest2",
    "passwordAccountSuperUser": "Amat@456",
    "userNameAccountExecSuperUser": "SAFTest3",
    "passwordAccountExecSuperUser": "Amat@456",
    "userNameOtherGroupUser": "EDRTest8",
    "passwordOtherGroupUser": "Amat@456",
	  "userNameSecondaryBURequestor": "SAFtest1",
    "passwordSecondaryBURequestor": "Amat@456",
    "userNameDemoOwner": "EDRTest5",
    "passwordDemoOwner": "Amat@456",
    "userNameTeamMember": "EDRTest6",
    "passwordTeamMember": "Amat@456",
    "userNameCATRATManager": "EDRTest6",
    "passwordCATRATManager": "Amat@456",
    "userNameKPUGPMHead": "EDRTest6",
    "passwordKPUGPMHead": "Amat@456",
    "userNameProductivityOwner": "EDRTest6",
    "passwordProductivityOwner": "Amat@456",
    "userNameAccountOwner": "EDRTest6",
    "passwordAccountOwner": "Amat@456",
    "outlookUrl" : "https://outlook.office.com/mail/inbox",
    "outlookUserName": "nidhi.sharma@contractor.amat.com"
  }
}