{
  "TC_Pre-Requisite": {
    "account": "MICRON US",
    "primaryBu":"DCVD",
    "hvp":"Chnage the file",
    "demoType":"Characterization",
	  "customerWaferDes": "DRP_SPG Bowers Customer Wafer Room",														 
    "successCriteria":"Application Validation",
    "substrateType":"Coupon",
    "customerSpecOption":"Manual",
    "attributeCategory":"gdg",
    "attribute":"fgdfg",
    "marketSegReq":"gfdgdfg",
    "weightProperty":"High",
    "demoOwner": "Richa Phadke",
    "catRatManager":"SAFTest2",
    "demoApprovalStatus": "ACL - Approved",
    "priority": "High",
    "executionRisk" : "Medium"									   						  
  },
    "TC_07": {
      "milestoneStatus_Color":"On Track;green~Completed;blue~At Risk;red",
      "demoStartCol":"Demo Start"
    },
    "TC_08": {
    "demoLocationCol":"Demo Location",
    "demoLocationVal":"93",
    "toolNameCol":"Tool Name",    
    "toolNameValue":"435818 Endura II MDP ENG",    
    "chamberPositionCol":"Chamber Position",
    "chamberPositionVal":"1;2;3;5",
    "toolIDCol":"Tool ID",
    "toolIDVal":"435818"
    },
    
    "TC_10": {
      "demoDevelopmentStageCol":"Demo Development Stage",
      "dropDownValues":"Coupon~Electrical~Full Wafer~On Site~Production~Productivity",
      "sOption":"Coupon"
    },
    "TC_01": {
      "account": "MICRON US",
      "primaryBu":"DCVD",
      "hvp":"Chnage the file",
      "demoType":"Characterization",
      "successCriteria":"Application Validation",
      "substrateType":"Coupon",
      "customerSpecOption":"Manual",
      "attributeCategory":"gdg",
      "attribute":"fgdfg",
      "marketSegReq":"gfdgdfg",
      "weightProperty":"High",
      "appSeg": "FCVD",
      "deviceType": "3D NAND",
      "amatNode": "100-130p",
      "estimatorNm": "SAFTest6"      
    },
    "TC_03": {
      "teamMember":"SAFTest2;SAFTest3;SAFTest6"
    },
    "TC_06": {
      "demoType":"DYP;Live;PME"
    },
    "TC_14": {
      "securityDDList":"External - BU And Account~Internal - BU Only",
      "categoryList":"Customer Feedback~Customer Specs~Demo Plan~Demo Report~Others~Split Table~Traveler~Wafer Stack",
      "security":"Internal - BU Only",
      "category":"Demo Plan"
    },
    "TC_04": {
      "peopleList":"SAFTest2;SAFTest3;SAFTest6"
    },
    "TC_23": {
      "account": "MICRON US",
      "primaryBu":"DCVD",
      "hvp":"Chnage the file",
      "demoType":"Characterization",
      "successCriteria":"Application Validation",
      "substrateType":"Coupon",
      "customerSpecOption":"Manual",
      "attributeCategory":"gdg",
      "attribute":"fgdfg",
      "marketSegReq":"gfdgdfg",
      "weightProperty":"High",
      "appSeg": "FCVD",
      "deviceType": "3D NAND",
      "amatNode": "100-130p"    ,
      "demoStartMilestoneStatus_Color":"On Track~green",
      "demoStartCol":"Demo Start",
      "labReadyMilestoneStatus_Color":"At Risk~red",
      "labReadyCol":"Lab Ready",
      "demoCompletionMilestoneStatus_Color":"Completed~blue",
      "demoCompletionCol":"Demo Completion"
    },
    "TC_19": {
      "trackingDetails":"TestData1;7852~TestData2;1473"
    },
    "TC_17": {
      "issueTypeDDList":"Miss Processed~Damaged~Broken~Lost",
      "wspvalueList" : "2~3~4",
      "issuesCount_Req":"1",
      "issuesCount_DO": "2",      
      "issuesCount_SU":"3"
      
    },
	"TC_25": {
      "toolNameCol":"Tool Name",
      "chamberPositionCol":"Chamber Position",
      "toolNameValue":"326441 (Discovery)"
      
    },
    "TC_26": {
      "toolNameCol":"Tool Name",
      "chamberPositionCol":"Chamber Position",
      "toolNameValue":"326441 (Discovery)"
      
    },
    "TC_27": {
      "account": "MICRON US",
      "primaryBu":"DCVD",
      "hvp":"Chnage the file",
      "demoType":"Characterization",
      "successCriteria":"Application Validation",
      "substrateType":"Coupon",
      "customerSpecOption" : "Upload",
      "waferStackOption" : "Upload",
      "attributeCategory":"gdg",
      "attribute":"fgdfg",
      "marketSegReq":"gfdgdfg",
      "weightProperty":"High",
      "appSeg": "FCVD",
      "deviceType": "3D NAND",
      "amatNode": "100-130p" ,
      "demoLocationCol":"Demo Location",
      "demoLocationVal":"93",
      "toolNameCol":"Tool Name",    
      "toolNameValue":"435818 Endura II MDP ENG",         
      "toolIDCol":"Tool ID",
      "toolIDVal":"435818",
      "customerWaferDes": "DRP_SPG Bowers Customer Wafer Room" 										
    },
    "TC_20": {
      "account": "MICRON US",
      "primaryBu":"DCVD",
      "hvp":"Chnage the file",
      "demoType":"Characterization",
      "successCriteria":"Application Validation",
      "substrateType":"Coupon",
      "customerSpecOption":"Upload",
      "waferStackOption":"Upload",
      "demoOwner":"EDRTest5",
      "ddSecurityVal":"Internal - BU Only",
      "exeRisk":"Complete",
      "waferLocation":"No Customer Wafer",
      "custWaferDest":"B2-SRP"
    },
    "TC_21": {
      "account": "MICRON US",
      "primaryBu":"DCVD",
      "hvp":"Chnage the file",
      "demoType":"Characterization",
      "successCriteria":"Application Validation",
      "substrateType":"Coupon",
      "customerSpecOption":"Manual",
      "attributeCategory":"Testing category",
      "attribute":"Testing Attribute",
      "marketSegReq":"Testing Market",
      "weightProperty":"High",
      "demoOwner":"Nidhi Sharma" 
    },
    "TC_24": {
      "account": "MICRON US",
      "specialGroup": "IMS",
      "appSegment":"Active",
      "deviceType":"3D NAND",
      "amatNode":"Packaging",
      "hvp": "Test HVP",
      "demoType": "Multi BU Demo",
      "successCriteria" : "Test_Success_Criteria",
      "secBU":"ALD",
      "secBU1":"SMS",
      "secBU0":"EPG",
      "requestor":"SAFtest1",
      "requInit":"EDRTest",
      "substrateType" : "Coupon",
      "customerSpecOption": "Upload",
      "waferStackOption" : "Upload",
      "demoOwner":"EDRTest5",
      "demoNumBu":"SMS",
      "appSeg":"Furnace"
      
    }
}
  