{ 
    "TC_Pre-Requisite": {
      "account": "MICRON US",
      "primaryBu":"DCVD",
      "hvp":"Chnage the file",
      "demoType":"Characterization",
      "successCriteria":"Application Validation",
      "substrateType":"Coupon",
      "customerSpecOption":"Manual",
      "attributeCategory":"gdg",
      "attribute":"fgdfg",
      "marketSegReq":"gfdgdfg",
      "weightProperty":"High"
    },
    "TC_01": {
      "headerLabelList": "Demo Number~Demo Name~Account~Tamba~Tamba Number~Demo Owner~Co-Owner~Demo Approval"
    },
    "TC_02": {
      "demoStatus": "Pending Review~ACL-With Demo Owner~BCL-Pending With BU User~Rejected-By BU User~Cancelled-By BU User~Closed~By BU User" 
    }
  }
  