{
  "MyDemo_TC_01": {
    "account": "MICRON US",
    "bu": "DCVD",
    "hvp": "Test HVP",
    "demoType": "DYP",
    "successCriteria" : "Test_Success_Criteria",
    "substrateType" : "Coupon",
    "customerSpecOption" : "Manual",
    "attributeCategory" : "Test_Attribute_Category",
    "attribute" : "Test_Attribute",
    "marketSegReq" : "Test_Market_Segment_Req",
    "weightProperty" : "High",
    "demoApprovalStatus": "ACL - Approved",
    "demoOwner": "SAFtest1",
    "priority": "High",
    "acc_view": "Account View",
    "bu_view": "BU View",
    "demo_view": "Demo Team View",
    "all_view": "All View",
    "column_Name": "Demo Submission Date",
    "bu_excel": "Bu View",
    "excel_columns": "Demo Name~Demo Submission Date"
  }
}