{
  "MyDemo_TC_02": {
    "account": "MICRON US",
    "bu": "DCVD",
    "hvp": "Test HVP",
    "demoType": "DYP",
    "successCriteria" : "Test_Success_Criteria",
    "substrateType" : "Coupon",
    "customerSpecOption" : "Manual",
    "attributeCategory" : "Test_Attribute_Category",
    "attribute" : "Test_Attribute",
    "marketSegReq" : "Test_Market_Segment_Req",
    "weightProperty" : "High",
    "demoOnHoldStatus": "BCL - On Hold",
    "justification": "Changing status to on Hold",
    "demoApprovalStatus": "ACL - Approved",
    "demoOwner": "SAFtest1",
    "priority": "High",
    "acc_view": "Account View",
    "bu_view": "BU View",
    "demo_view": "Demo Team View",
    "all_view": "All View",
    "new_request": "New Requests",
    "onHold_request": "On Hold Requests",
    "approved_request": "Approved Requests",
    "bu_excel": "Bu View",
    "newRequest_excel": "NewRequest",
    "onHoldRequest_excel": "OnHoldRequest",
    "approvedRequest_excel": "ApprovedRequest",
    
    "column_Name": "Approved By",
    "excel_columns": "Demo Name~Approved By"
  },
  "MyDemo_TC_10": {
    "internalAccount": "Test_Internal_Account",
    "primaryBU": "CMP",
    "hvp": "Test HVP",
    "demoType": "DYP",
    "successCriteria" : "Test_Success_Criteria",
    "substrateType" : "Coupon",
    "demoApprovalStatus": "ACL - Approved",
    "demoOwner": "SAFtest1",
    "priority": "High",
    "executionRisk" : "Medium",
    "expDemoApprovalStatus": "ACL-With Demo Owner"
  }
}