{
  "MyDemo_TC_01": {
    "accounts": "CHIPMORE TECHNOLOGY CORPORATION LIMITED~Qualcomm, Inc.~SEAGATE TECHNOLOGY LLC~Skyworks~UNISEM ADVANCED TECHNOLOGIES~Winbond Electronics Corp.~WINSTEK SEMICONDUCTOR TECHNOLOGY CO., LTD~Wuhan Xinxin Semiconductor Manufacturing Corporation (XMC)~Laytron AG~Sumco~LB SEMICON, INC."
  },
  "MyDemo_TC_13": {
    "account": "MICRON US",
    "primaryBU": "DCVD"
  },
  "MyDemo_TC_14": {
    "account": "MICRON US",
    "primaryBU": "DCVD",
    "substrateType": "Full Wafer"
  },
  "MyDemo_TC_15": {
    "account": "MICRON US",
    "primaryBU": "DCVD",
    "substrateType": "Full Wafer",
    "defSubstrateMaterialVal": "Si",
    "substrateMaterial": "",
    "substrateMaterial1": "Other"
  },
  "MyDemo_TC_16": {
    "account": "MICRON US",
    "primaryBU": "DCVD",
    "substrateType": "Full Wafer",
    "substrateMaterial": "Thin Flat",
    "waferThickness": "test10.10"
  },
  "MyDemo_TC_17": {
    "account": "MICRON US",
    "primaryBU": "DCVD",
    "substrateType": "Full Wafer",
    "substrateMaterial": "Thin Taiko",
    "waferThickness": "test10.10"
  },
  "MyDemo_TC_18": {
    "account": "MICRON US",
    "primaryBU": "DCVD",
    "substrateType": "Coupon",
    "dimension": "15.5cm"
  }
}